customer_id,total_spend,avg_order_value,purchase_frequency,recency,customer_age,churn
1,6277.85,627.7850000000001,10,30,210,0
2,10502.119999999999,1166.902222222222,9,28,852,0
3,8467.02,604.7871428571428,14,19,540,0
4,5467.84,607.5377777777778,9,18,57,0
5,8104.03,810.403,10,51,524,0
6,7569.1900000000005,688.1081818181818,11,36,1227,0
7,5895.549999999999,736.9437499999999,8,9,545,0
8,10703.09,891.9241666666667,12,34,952,0
9,8553.85,777.6227272727273,11,4,977,0
10,5744.99,957.4983333333333,6,18,1610,0
11,9790.09,979.009,10,109,230,1
12,7526.25,836.25,9,18,1528,0
13,9114.029999999999,911.4029999999999,10,21,751,0
14,9763.78,813.6483333333334,12,92,941,1
15,1370.5800000000002,456.86000000000007,3,482,500,1
16,10304.02,858.6683333333334,12,156,295,1
17,4161.69,520.21125,8,24,337,0
18,8257.2,635.1692307692308,13,58,1124,0
19,12528.880000000001,894.9200000000001,14,5,812,0
20,5104.67,510.467,10,14,779,0
21,7226.8,516.2,14,105,1213,1
22,7967.99,724.3627272727273,11,26,1393,0
23,9978.25,712.7321428571429,14,83,174,0
24,5108.71,729.8157142857143,7,90,247,0
25,4736.7300000000005,676.6757142857143,7,110,1145,1
26,8427.33,702.2775,12,15,1495,0
27,2561.45,512.29,5,30,111,0
28,7240.13,1448.026,5,12,925,0
29,6925.79,769.5322222222222,9,77,1308,0
30,4676.3099999999995,584.5387499999999,8,36,1320,0
31,8687.07,868.707,10,73,3,0
32,8403.15,840.3149999999999,10,99,1531,1
33,6864.57,1144.095,6,176,1247,1
34,8161.6,627.8153846153847,13,3,1479,0
35,3490.45,698.0899999999999,5,79,887,0
36,9372.25,720.9423076923077,13,28,1803,0
37,18584.420000000002,1093.2011764705883,17,20,1631,0
38,3049.58,381.1975,8,7,428,0
39,6047.02,755.8775,8,83,466,0
40,5606.45,622.9388888888889,9,6,1735,0
41,3298.7200000000003,366.5244444444445,9,111,248,1
42,8358.050000000001,835.8050000000001,10,1,1146,0
43,9754.61,812.8841666666667,12,12,364,0
44,4280.28,611.4685714285714,7,5,735,0
45,8030.59,617.7376923076923,13,1,343,0
46,11094.03,1008.5481818181819,11,10,321,0
47,7619.050000000001,761.9050000000001,10,38,532,0
48,3136.7400000000002,522.7900000000001,6,29,444,0
49,6945.63,631.420909090909,11,56,1,0
50,7052.39,881.54875,8,42,434,0
51,5742.64,638.0711111111111,9,16,525,0
52,6051.11,672.3455555555555,9,19,1460,0
53,4245.66,849.132,5,191,1080,1
54,10260.12,1026.0120000000002,10,2,10,0
55,2899.3,483.2166666666667,6,28,1250,0
56,13137.65,875.8433333333334,15,4,62,0
57,11653.79,832.4135714285715,14,3,1522,0
58,6322.8,790.35,8,93,1213,1
59,7429.68,619.14,12,11,982,0
60,17366.12,1021.5364705882353,17,54,1099,0
61,8290.84,753.7127272727273,11,6,611,0
62,10924.24,780.3028571428571,14,108,452,1
63,8267.38,918.5977777777777,9,14,1178,0
64,6638.01,737.5566666666667,9,31,1562,0
65,13756.17,1058.166923076923,13,76,627,0
66,6051.59,672.3988888888889,9,212,1152,1
67,7307.66,1043.9514285714286,7,26,1575,0
68,10096.32,1009.632,10,2,1332,0
69,14313.230000000001,1301.2027272727273,11,146,604,1
70,11784.52,785.6346666666667,15,65,384,0
71,5360.91,536.091,10,33,796,0
72,7503.9,750.39,10,93,803,1
73,9908.15,900.7409090909091,11,12,224,0
74,2507.86,417.9766666666667,6,52,1158,0
75,9415.94,784.6616666666667,12,5,393,0
76,8094.549999999999,899.3944444444444,9,125,1541,1
77,4833.28,402.7733333333333,12,73,68,0
78,6841.94,760.2155555555555,9,1,341,0
79,12812.78,800.79875,16,15,1133,0
80,11094.29,853.4069230769231,13,52,1375,0
81,4913.76,614.22,8,62,18,0
82,10643.18,1064.318,10,141,1169,1
83,7732.54,859.1711111111111,9,3,1015,0
84,7224.02,656.7290909090909,11,161,224,1
85,10382.11,741.5792857142858,14,22,1356,0
86,7355.12,735.512,10,41,26,0
87,5099.120000000001,728.4457142857144,7,108,1596,1
88,2453.2599999999998,306.65749999999997,8,76,953,0
89,6976.93,775.2144444444444,9,5,804,0
90,5820.65,582.0649999999999,10,102,279,1
91,8565.89,611.8492857142857,14,44,1145,0
92,7494.71,576.5161538461539,13,101,1203,1
93,7439.139999999999,1062.7342857142855,7,33,84,0
94,11478.84,1147.884,10,9,127,0
95,9424.89,589.055625,16,12,561,0
96,10419.61,801.5084615384616,13,92,101,1
97,3889.57,648.2616666666667,6,55,1116,0
98,4960.53,708.6471428571429,7,111,166,1
99,8352.43,835.243,10,118,358,1
100,4352.87,435.287,10,33,618,0
101,7775.49,777.549,10,155,1279,1
102,3767.8199999999997,753.564,5,125,1244,1
103,6679.72,667.972,10,179,247,1
104,8818.82,881.882,10,51,1228,0
105,7147.0,1429.4,5,0,1345,0
106,8611.91,861.191,10,69,1297,0
107,8345.58,556.372,15,136,170,1
108,6320.86,702.3177777777778,9,82,1421,0
109,8480.619999999999,605.7585714285714,14,5,1608,0
110,9092.64,826.6036363636363,11,33,1768,0
111,6622.65,662.265,10,66,399,0
112,7944.08,662.0066666666667,12,37,548,0
113,14081.039999999999,828.2964705882353,17,3,1189,0
114,10926.24,682.89,16,21,1131,0
115,9195.36,835.9418181818182,11,36,1788,0
116,9789.73,889.9754545454545,11,105,1682,1
117,14294.11,893.381875,16,113,1206,1
118,6264.1900000000005,569.4718181818182,11,64,1608,0
119,7367.879999999999,818.6533333333332,9,24,653,0
120,5900.5599999999995,737.5699999999999,8,23,342,0
121,5842.969999999999,730.3712499999999,8,46,1601,0
122,10573.31,1174.812222222222,9,20,474,0
123,5081.17,846.8616666666667,6,129,1308,1
124,1819.15,303.19166666666666,6,252,698,1
125,1914.63,319.105,6,129,583,1
126,9669.9,879.0818181818181,11,71,706,0
127,4469.72,744.9533333333334,6,47,1697,0
128,5163.34,737.62,7,92,173,1
129,8908.82,556.80125,16,46,1792,0
130,4114.92,685.82,6,52,31,0
131,6596.75,599.7045454545455,11,23,2,0
132,14771.65,923.228125,16,97,155,1
133,6386.99,912.4271428571428,7,31,1574,0
134,4626.72,578.34,8,1,1566,0
135,5271.62,658.9525,8,12,920,0
136,5510.64,688.83,8,13,953,0
137,9171.9,833.8090909090909,11,5,451,0
138,9335.68,848.6981818181819,11,21,1692,0
139,7729.32,702.6654545454545,11,122,1412,1
140,14355.85,1025.4178571428572,14,36,456,0
141,7112.9,711.29,10,71,1737,0
142,6562.08,820.26,8,36,1305,0
143,9634.2,963.4200000000001,10,41,1582,0
144,5213.799999999999,521.3799999999999,10,171,87,1
145,7280.35,1040.05,7,112,1607,1
146,4691.74,426.52181818181816,11,51,1375,0
147,3903.03,390.303,10,119,1570,1
148,7648.04,764.804,10,181,899,1
149,11255.56,1125.556,10,91,1584,1
150,6227.9400000000005,691.9933333333333,9,66,112,0
151,10147.53,845.6275,12,7,875,0
152,6970.83,536.2176923076923,13,134,1055,1
153,4885.5599999999995,444.1418181818181,11,5,1447,0
154,8225.2,685.4333333333334,12,69,374,0
155,5899.1900000000005,655.4655555555556,9,23,1478,0
156,9484.49,790.3741666666666,12,10,775,0
157,10532.65,1170.2944444444445,9,77,1059,0
158,2841.9799999999996,568.396,5,81,472,0
159,7457.679999999999,932.2099999999999,8,65,509,0
160,2836.3,405.1857142857143,7,79,389,0
161,5946.41,660.7122222222222,9,178,1634,1
162,4460.85,743.475,6,388,1221,1
163,3665.95,523.7071428571428,7,170,355,1
164,8611.51,861.1510000000001,10,123,110,1
165,10289.45,1028.9450000000002,10,122,259,1
166,3559.16,593.1933333333333,6,14,1361,0
167,8866.29,806.0263636363637,11,155,873,1
168,7698.33,699.8481818181818,11,166,1227,1
169,9020.13,820.0118181818181,11,154,1396,1
170,8351.93,759.2663636363636,11,146,1330,1
171,5496.179999999999,610.6866666666666,9,25,1123,0
172,8648.16,1081.02,8,67,169,0
173,8139.62,739.9654545454546,11,30,370,0
174,6181.5599999999995,772.6949999999999,8,65,113,0
175,4411.4400000000005,551.4300000000001,8,3,1310,0
176,5692.57,632.5077777777777,9,3,1280,0
177,8820.82,1260.1171428571429,7,13,1274,0
178,5674.72,567.472,10,5,667,0
179,12866.4,989.7230769230769,13,73,80,0
180,6269.22,626.922,10,35,625,0
181,4080.81,582.9728571428572,7,131,1131,1
182,4040.54,673.4233333333333,6,17,1059,0
183,8861.630000000001,984.6255555555557,9,60,692,0
184,9864.34,896.7581818181818,11,31,1597,0
185,6459.02,717.6688888888889,9,28,93,0
186,6314.85,701.6500000000001,9,124,305,1
187,8385.56,931.7288888888888,9,15,1427,0
188,5537.219999999999,791.0314285714285,7,75,767,0
189,12887.220000000001,920.5157142857144,14,1,1739,0
190,9838.869999999999,894.4427272727272,11,75,1257,0
191,7010.1,637.2818181818183,11,1,772,0
192,1870.8,467.7,4,161,21,1
193,8903.789999999999,809.4354545454545,11,70,932,0
194,6288.65,698.7388888888888,9,20,60,0
195,10775.029999999999,1077.503,10,22,865,0
196,2490.02,622.505,4,290,995,1
197,4401.62,628.8028571428571,7,125,184,1
198,9175.21,764.6008333333333,12,102,1246,1
199,2763.71,394.8157142857143,7,136,939,1
200,4071.8700000000003,678.6450000000001,6,232,82,1
201,9728.24,608.015,16,73,690,0
202,1628.04,325.608,5,113,378,1
203,14477.380000000001,851.6105882352941,17,121,767,1
204,7823.92,869.3244444444445,9,74,909,0
205,4484.22,407.65636363636366,11,23,37,0
206,5674.35,810.6214285714286,7,166,1663,1
207,8588.17,954.2411111111111,9,113,739,1
208,4967.24,827.8733333333333,6,164,1732,1
209,6338.07,576.1881818181818,11,43,445,0
210,2303.86,329.1228571428572,7,226,1716,1
211,4632.04,661.72,7,94,954,1
212,9013.92,901.392,10,162,538,1
213,4495.620000000001,642.2314285714286,7,50,1642,0
214,11984.15,798.9433333333333,15,93,1184,1
215,5410.75,541.075,10,33,497,0
216,5259.56,584.3955555555556,9,33,84,0
217,10414.16,612.5976470588236,17,33,32,0
218,2517.46,503.492,5,58,251,0
219,10273.39,856.1158333333333,12,41,134,0
220,5089.13,1696.3766666666668,3,162,187,1
221,9158.83,704.5253846153846,13,51,846,0
222,3055.66,611.132,5,64,1104,0
223,4638.54,927.708,5,282,319,1
224,11082.97,1007.5427272727272,11,144,408,1
225,722.95,180.7375,4,70,851,0
226,10129.050000000001,779.1576923076924,13,18,68,0
227,7160.92,511.4942857142857,14,31,364,0
228,7558.54,755.854,10,119,166,1
229,7903.89,790.389,10,28,1328,0
230,17299.45,1081.215625,16,101,1219,1
231,9506.43,864.2209090909091,11,89,946,0
232,9764.86,1220.6075,8,23,1559,0
233,3202.59,355.84333333333336,9,6,908,0
234,12786.01,983.5392307692308,13,76,1313,0
235,10123.75,1012.375,10,17,1035,0
236,10224.9,1022.49,10,79,1687,0
237,2881.7599999999998,720.4399999999999,4,75,356,0
238,11423.98,951.9983333333333,12,76,1265,0
239,10784.08,1078.408,10,168,1110,1
240,8989.529999999999,817.2299999999999,11,186,770,1
241,1895.6799999999998,631.8933333333333,3,71,928,0
242,4927.37,615.92125,8,83,571,0
243,8633.61,863.3610000000001,10,49,1811,0
244,6110.84,678.9822222222223,9,165,618,1
245,8891.92,808.3563636363637,11,46,54,0
246,5178.9,863.15,6,16,1738,0
247,11432.46,672.4976470588235,17,48,130,0
248,5445.25,495.02272727272725,11,7,408,0
249,7538.42,753.842,10,20,862,0
250,8828.16,1471.36,6,94,548,1
251,8605.49,717.1241666666666,12,51,216,0
252,6259.08,417.272,15,0,561,0
253,7519.639999999999,939.9549999999999,8,42,1302,0
254,11366.16,811.8685714285714,14,65,1732,0
255,12796.42,752.7305882352941,17,24,689,0
256,6750.63,1350.126,5,78,1657,0
257,10891.210000000001,907.6008333333334,12,46,509,0
258,2700.35,540.0699999999999,5,33,1206,0
259,4266.5199999999995,853.3039999999999,5,88,647,0
260,7755.05,596.5423076923078,13,5,404,0
261,3030.1,505.01666666666665,6,111,1788,1
262,9444.9,787.0749999999999,12,11,230,0
263,8944.92,813.1745454545454,11,5,1298,0
264,4507.29,500.81,9,70,1110,0
265,6357.32,908.1885714285714,7,1,1227,0
266,7316.97,914.62125,8,117,1130,1
267,4708.7699999999995,588.5962499999999,8,95,1631,1
268,3310.56,413.82,8,80,824,0
269,5456.72,682.09,8,85,1155,0
270,3297.7200000000003,471.1028571428572,7,146,677,1
271,5470.74,911.79,6,91,343,1
272,7314.66,914.3325,8,168,196,1
273,8098.57,809.857,10,236,1780,1
274,10139.93,1126.658888888889,9,97,1603,1
275,5175.8099999999995,517.5809999999999,10,13,1623,0
276,4516.88,410.62545454545455,11,93,1215,1
277,5405.85,600.6500000000001,9,167,1728,1
278,5558.98,617.6644444444444,9,11,706,0
279,10666.6,888.8833333333333,12,85,1287,0
280,6305.389999999999,700.5988888888888,9,311,1315,1
281,13192.45,1319.2450000000001,10,148,696,1
282,10143.43,724.5307142857143,14,2,1222,0
283,4952.0,707.4285714285714,7,138,565,1
284,10787.36,980.669090909091,11,79,852,0
285,7028.54,638.9581818181819,11,25,85,0
286,9222.09,1152.76125,8,11,605,0
287,4902.22,490.22200000000004,10,1,1569,0
288,8136.09,904.01,9,3,1103,0
289,11681.289999999999,1061.9354545454544,11,121,856,1
290,11695.99,1063.2718181818182,11,96,254,1
291,11694.06,1063.0963636363635,11,35,1517,0
292,10305.45,858.7875,12,51,36,0
293,4942.5,706.0714285714286,7,102,685,1
294,8288.26,690.6883333333334,12,2,101,0
295,8610.48,662.3446153846154,13,4,689,0
296,1350.6499999999999,450.21666666666664,3,506,635,1
297,9886.710000000001,823.8925,12,42,996,0
298,5887.79,735.97375,8,176,929,1
299,11069.71,922.4758333333333,12,37,1311,0
300,7805.67,709.6063636363637,11,118,1206,1
301,5670.25,945.0416666666666,6,10,422,0
302,4182.54,597.5057142857142,7,142,1088,1
303,11036.75,788.3392857142857,14,125,362,1
304,7845.41,871.7122222222222,9,38,636,0
305,4956.42,708.0600000000001,7,195,51,1
306,4760.17,680.0242857142857,7,8,366,0
307,9147.66,831.6054545454546,11,228,1451,1
308,10545.08,753.22,14,135,1787,1
309,9154.35,832.2136363636364,11,42,1822,0
310,10323.7,938.5181818181819,11,10,72,0
311,8704.54,870.4540000000001,10,161,14,1
312,15310.460000000001,1093.6042857142859,14,0,1473,0
313,7096.95,591.4125,12,24,627,0
314,7599.55,1085.65,7,170,1039,1
315,9082.75,1297.5357142857142,7,14,249,0
316,6255.57,1042.595,6,126,1132,1
317,5948.04,660.8933333333333,9,104,669,1
318,2896.15,579.23,5,207,948,1
319,6279.54,627.954,10,80,1774,0
320,7047.13,783.0144444444445,9,46,1591,0
321,6510.3099999999995,651.031,10,16,897,0
322,4829.18,965.836,5,229,944,1
323,11379.64,875.3569230769231,13,50,1625,0
324,8386.77,1048.34625,8,121,857,1
325,3541.19,505.88428571428574,7,62,1621,0
326,7462.12,746.212,10,38,1498,0
327,7010.4800000000005,637.3163636363637,11,115,1048,1
328,7800.4,709.1272727272727,11,3,780,0
329,4449.29,494.36555555555555,9,78,91,0
330,8997.59,817.9627272727273,11,273,396,1
331,12456.79,1132.4354545454546,11,9,739,0
332,7560.29,687.2990909090909,11,58,132,0
333,4882.08,813.68,6,132,992,1
334,8615.98,662.7676923076923,13,191,494,1
335,10964.25,913.6875,12,25,1221,0
336,10134.41,1013.441,10,34,352,0
337,4988.8,554.3111111111111,9,41,1740,0
338,5396.45,539.645,10,198,1784,1
339,7775.85,706.8954545454545,11,60,1458,0
340,10616.2,965.1090909090909,11,46,988,0
341,4442.2699999999995,555.2837499999999,8,103,94,1
342,7354.12,735.412,10,180,1610,1
343,7087.85,644.35,11,143,1713,1
344,8398.05,933.1166666666666,9,74,1336,0
345,8771.849999999999,626.5607142857142,14,14,707,0
346,7418.31,741.831,10,140,1671,1
347,3320.31,474.33,7,351,1272,1
348,3133.23,522.205,6,257,1482,1
349,8761.4,973.4888888888888,9,45,487,0
350,5531.13,614.57,9,95,1007,1
351,4466.3099999999995,558.2887499999999,8,130,266,1
352,4359.59,484.3988888888889,9,19,694,0
353,5899.73,536.3390909090908,11,63,814,0
354,7857.01,785.701,10,38,394,0
355,11109.14,740.6093333333333,15,1,1065,0
356,5208.19,578.6877777777777,9,130,1714,1
357,4867.17,608.39625,8,62,1188,0
358,8605.77,860.577,10,25,1790,0
359,2759.5099999999998,459.9183333333333,6,82,60,0
360,9814.25,754.9423076923077,13,63,1203,0
361,9492.33,791.0275,12,25,1369,0
362,6782.08,678.208,10,132,1019,1
363,9259.53,661.3950000000001,14,5,179,0
364,8833.21,588.8806666666666,15,61,1034,0
365,8264.41,635.7238461538461,13,18,734,0
366,7411.9400000000005,823.548888888889,9,106,550,1
367,9133.2,913.32,10,135,1755,1
368,15855.66,932.6858823529411,17,4,1262,0
369,10622.64,965.6945454545454,11,55,1695,0
370,7922.42,792.242,10,83,1593,0
371,10969.39,685.586875,16,11,416,0
372,5673.37,515.7609090909091,11,10,1089,0
373,10167.17,1129.6855555555555,9,48,1107,0
374,7453.33,931.66625,8,265,993,1
375,4612.56,658.9371428571429,7,81,1688,0
376,4605.93,575.74125,8,20,44,0
377,4992.34,713.1914285714286,7,14,1763,0
378,4969.8,451.8,11,14,1719,0
379,5400.35,600.0388888888889,9,121,470,1
380,7805.25,780.525,10,33,1161,0
381,6836.58,621.5072727272727,11,78,557,0
382,10347.75,940.7045454545455,11,85,1790,0
383,15150.17,1165.3976923076923,13,52,366,0
384,12960.17,925.7264285714285,14,24,145,0
385,11531.65,1281.2944444444445,9,75,158,0
386,4594.68,1148.67,4,11,207,0
387,10707.4,1189.711111111111,9,229,110,1
388,953.65,238.4125,4,168,158,1
389,13991.36,777.2977777777778,18,21,136,0
390,12685.57,975.8130769230769,13,7,914,0
391,7553.47,755.347,10,105,43,1
392,12879.29,1073.2741666666668,12,0,1722,0
393,5439.32,604.3688888888888,9,24,984,0
394,3118.8900000000003,623.778,5,11,61,0
395,6320.41,486.1853846153846,13,30,440,0
396,8457.88,704.8233333333333,12,29,609,0
397,9026.81,644.7721428571429,14,5,1020,0
398,8067.27,733.3881818181818,11,12,286,0
399,6127.32,765.915,8,84,405,0
400,5846.67,487.2225,12,21,1566,0
401,14742.77,921.423125,16,2,257,0
402,5657.29,808.1842857142857,7,58,1407,0
403,4862.8,810.4666666666667,6,77,1605,0
404,9582.95,638.8633333333333,15,13,1374,0
405,6965.74,696.574,10,8,1584,0
406,11833.15,788.8766666666667,15,5,81,0
407,11039.44,788.5314285714286,14,55,1583,0
408,10511.789999999999,750.8421428571428,14,227,862,1
409,9361.87,936.1870000000001,10,245,1481,1
410,5194.889999999999,432.90749999999997,12,94,1674,1
411,8817.91,734.8258333333333,12,47,659,0
412,4712.83,471.283,10,99,1050,1
413,4396.65,879.3299999999999,5,120,1380,1
414,4930.26,704.3228571428572,7,3,1789,0
415,6543.07,545.2558333333333,12,7,384,0
416,3693.71,461.71375,8,13,45,0
417,7979.53,569.9664285714285,14,21,1131,0
418,9472.560000000001,1184.0700000000002,8,60,1312,0
419,7136.89,892.11125,8,162,1675,1
420,10012.33,834.3608333333333,12,73,683,0
421,11140.4,856.9538461538461,13,22,795,0
422,6624.49,828.06125,8,66,930,0
423,8201.59,911.2877777777778,9,45,1802,0
424,5450.86,908.4766666666666,6,83,176,0
425,10421.55,1157.9499999999998,9,7,1266,0
426,6803.3099999999995,850.4137499999999,8,59,580,0
427,10489.48,806.8830769230769,13,77,1490,0
428,8383.3,931.4777777777776,9,1,224,0
429,6976.19,775.1322222222221,9,32,308,0
430,4990.55,712.9357142857143,7,29,1287,0
431,6514.8099999999995,651.481,10,61,982,0
432,9712.35,747.1038461538462,13,199,772,1
433,7065.67,642.3336363636364,11,261,928,1
434,8762.51,796.5918181818182,11,41,1660,0
435,10629.19,1181.0211111111112,9,55,1195,0
436,6036.41,603.641,10,95,483,1
437,3575.35,446.91875,8,21,1710,0
438,9413.27,855.7518181818182,11,50,978,0
439,5425.450000000001,678.1812500000001,8,42,34,0
440,7081.61,786.8455555555555,9,346,1025,1
441,9345.23,849.5663636363636,11,73,853,0
442,4243.33,385.7572727272727,11,18,1313,0
443,3724.4100000000003,931.1025000000001,4,211,480,1
444,7917.85,879.7611111111112,9,64,854,0
445,5316.6,886.1,6,19,768,0
446,6160.01,560.0009090909091,11,55,467,0
447,9158.78,538.7517647058824,17,31,1463,0
448,5449.27,681.15875,8,55,1266,0
449,10724.369999999999,974.9427272727272,11,35,1438,0
450,9885.04,988.5040000000001,10,212,1604,1
451,7773.81,777.3810000000001,10,14,579,0
452,8491.44,943.4933333333333,9,1,981,0
453,9321.36,1165.17,8,33,1444,0
454,11186.869999999999,1016.9881818181817,11,112,1096,1
455,3224.41,644.882,5,218,1006,1
456,15203.07,760.1535,20,75,179,0
457,7755.2699999999995,596.5592307692307,13,0,169,0
458,6894.719999999999,530.3630769230768,13,106,1826,1
459,1979.8399999999997,659.9466666666666,3,116,1523,1
460,9717.04,694.0742857142858,14,80,1013,0
461,2029.55,507.3875,4,138,1503,1
462,4967.639999999999,709.6628571428571,7,31,1481,0
463,10712.5,669.53125,16,4,1447,0
464,8102.45,810.245,10,155,316,1
465,3056.49,509.41499999999996,6,3,1104,0
466,6903.21,986.1728571428572,7,94,1403,1
467,13428.26,895.2173333333334,15,3,1813,0
468,12395.03,774.689375,16,40,383,0
469,7004.3,1000.6142857142858,7,108,890,1
470,9369.34,1171.1675,8,55,1219,0
471,12692.13,1269.213,10,135,1148,1
472,12750.01,796.875625,16,221,688,1
473,6828.889999999999,758.7655555555555,9,194,402,1
474,3343.34,1114.4466666666667,3,52,1378,0
475,13829.720000000001,921.9813333333334,15,11,1818,0
476,5072.22,507.22200000000004,10,48,1817,0
477,5466.139999999999,455.5116666666666,12,127,252,1
478,10291.27,1029.127,10,1,495,0
479,8269.31,689.1091666666666,12,137,449,1
480,7171.65,796.8499999999999,9,26,805,0
481,6661.37,740.1522222222222,9,8,1794,0
482,11842.16,845.8685714285714,14,1,824,0
483,2253.81,281.72625,8,33,710,0
484,10210.550000000001,638.1593750000001,16,23,677,0
485,12558.65,1046.5541666666666,12,2,33,0
486,4669.83,518.87,9,36,415,0
487,9347.67,1038.63,9,25,88,0
488,4841.63,806.9383333333334,6,43,320,0
489,4906.15,613.26875,8,23,769,0
490,10575.369999999999,622.080588235294,17,4,486,0
491,2337.76,389.6266666666667,6,429,695,1
492,7631.38,1090.1971428571428,7,89,1251,0
493,5590.89,698.86125,8,63,482,0
494,5097.28,566.3644444444444,9,124,1211,1
495,5512.11,918.685,6,204,1761,1
496,12963.88,925.9914285714285,14,73,1555,0
497,10736.189999999999,825.8607692307692,13,32,949,0
498,10235.11,1137.2344444444445,9,63,1330,0
499,9461.49,946.149,10,244,747,1
500,15505.099999999999,646.0458333333332,24,15,367,0
501,6364.79,707.1988888888889,9,67,70,0
502,13442.039999999999,840.1274999999999,16,20,1532,0
503,12590.84,786.9275,16,38,1501,0
504,7057.57,705.757,10,151,1519,1
505,11777.79,1070.7081818181819,11,37,1796,0
506,8474.49,651.8838461538461,13,106,186,1
507,9352.27,935.2270000000001,10,5,961,0
508,3857.95,771.5899999999999,5,21,641,0
509,7510.9400000000005,625.9116666666667,12,49,863,0
510,17239.86,957.77,18,51,105,0
511,5950.44,661.16,9,107,149,1
512,7863.37,655.2808333333334,12,60,1260,0
513,2264.33,452.866,5,299,210,1
514,7940.13,661.6775,12,20,682,0
515,6035.99,754.49875,8,158,1121,1
516,4511.860000000001,751.9766666666668,6,11,399,0
517,10347.44,940.6763636363637,11,73,1826,0
518,7344.799999999999,734.4799999999999,10,0,782,0
519,10620.06,758.5757142857143,14,4,242,0
520,11593.29,966.1075000000001,12,133,917,1
521,6570.27,657.027,10,90,831,0
522,4453.2,742.1999999999999,6,153,1497,1
523,8017.05,801.705,10,19,134,0
524,12086.24,1007.1866666666666,12,36,309,0
525,11211.609999999999,862.4315384615384,13,49,1116,0
526,6799.43,971.3471428571429,7,41,1195,0
527,8999.0,818.0909090909091,11,158,702,1
528,9497.039999999999,678.3599999999999,14,16,1505,0
529,6074.09,607.409,10,151,200,1
530,9338.95,718.3807692307693,13,111,1779,1
531,7460.28,828.92,9,16,203,0
532,3561.06,593.51,6,209,1336,1
533,9347.75,778.9791666666666,12,76,1368,0
534,5897.49,1179.498,5,56,400,0
535,4707.0199999999995,523.0022222222221,9,44,353,0
536,8671.82,788.3472727272728,11,28,440,0
537,12326.69,880.4778571428571,14,14,215,0
538,12109.62,807.3080000000001,15,23,1169,0
539,8221.960000000001,822.1960000000001,10,9,1518,0
540,5060.44,562.271111111111,9,87,632,0
541,4144.09,518.01125,8,173,1192,1
542,8565.93,713.8275,12,123,1801,1
543,6560.120000000001,596.3745454545456,11,25,1467,0
544,5700.85,633.4277777777778,9,12,1354,0
545,16337.84,1021.115,16,78,1252,0
546,8340.09,834.009,10,90,1208,0
547,7697.65,1099.6642857142856,7,26,634,0
548,7307.18,811.9088888888889,9,108,235,1
549,8498.949999999999,708.2458333333333,12,73,116,0
550,5314.900000000001,590.5444444444445,9,111,426,1
551,6879.64,859.955,8,59,1529,0
552,8014.7300000000005,728.6118181818182,11,5,1582,0
553,6557.25,728.5833333333334,9,199,684,1
554,3808.7200000000003,544.1028571428571,7,92,383,1
555,3248.6899999999996,464.09857142857135,7,131,816,1
556,9985.5,998.55,10,47,779,0
557,13834.75,813.8088235294117,17,29,681,0
558,3444.87,574.145,6,0,108,0
559,7494.15,749.415,10,14,1080,0
560,4464.42,318.88714285714286,14,31,1193,0
561,10691.23,1187.9144444444444,9,28,1502,0
562,7995.24,666.27,12,88,358,0
563,14286.19,952.4126666666667,15,11,423,0
564,11214.98,862.6907692307692,13,56,144,0
565,3384.09,676.818,5,233,1161,1
566,9730.41,810.8675,12,19,159,0
567,6871.799999999999,763.5333333333333,9,110,483,1
568,8918.97,990.9966666666666,9,57,624,0
569,5399.03,674.87875,8,137,344,1
570,5784.84,723.105,8,94,763,1
571,10901.27,838.5592307692308,13,40,1217,0
572,4693.88,391.1566666666667,12,25,1594,0
573,2956.18,492.69666666666666,6,81,413,0
574,15627.75,919.2794117647059,17,29,363,0
575,11360.32,811.4514285714286,14,2,1163,0
576,3682.4100000000003,409.1566666666667,9,159,932,1
577,10242.11,1138.0122222222224,9,29,1442,0
578,6383.85,638.385,10,0,1327,0
579,9814.44,654.296,15,43,445,0
580,9140.36,652.8828571428572,14,48,797,0
581,3223.41,537.235,6,31,881,0
582,8928.93,892.893,10,129,1501,1
583,5350.84,891.8066666666667,6,98,171,1
584,5403.4800000000005,675.4350000000001,8,84,1460,0
585,8350.61,927.8455555555556,9,85,866,0
586,7471.83,747.183,10,114,394,1
587,5926.3099999999995,740.7887499999999,8,47,275,0
588,10905.77,778.9835714285715,14,5,174,0
589,6557.93,1092.9883333333335,6,0,1624,0
590,10635.02,886.2516666666667,12,2,1249,0
591,6145.679999999999,682.8533333333332,9,142,1665,1
592,8771.52,1096.44,8,48,460,0
593,13667.56,1138.9633333333334,12,38,399,0
594,6745.6,963.657142857143,7,10,508,0
595,4903.65,700.5214285714285,7,102,1364,1
596,7044.99,704.499,10,31,1464,0
597,10513.42,1168.1577777777777,9,76,1336,0
598,10806.07,720.4046666666667,15,48,451,0
599,3999.38,666.5633333333334,6,129,1575,1
600,12456.59,1245.659,10,56,1778,0
601,12262.18,1114.7436363636364,11,36,751,0
602,5074.299999999999,563.811111111111,9,81,1280,0
603,7391.6,1055.9428571428573,7,65,1303,0
604,6267.650000000001,626.7650000000001,10,16,1139,0
605,8226.48,747.8618181818182,11,87,1823,0
606,2591.0,323.875,8,156,543,1
607,7345.93,1224.3216666666667,6,158,411,1
608,8287.47,591.9621428571428,14,90,1684,0
609,7714.2,514.28,15,12,490,0
610,7423.03,742.303,10,33,1709,0
611,6750.98,675.098,10,16,1421,0
612,5224.49,653.06125,8,5,788,0
613,3919.45,391.945,10,227,1762,1
614,8725.41,793.2190909090909,11,34,1810,0
615,10719.25,893.2708333333334,12,18,1025,0
616,12879.65,990.7423076923077,13,67,66,0
617,6161.12,616.112,10,92,238,1
618,3637.97,606.3283333333333,6,46,18,0
619,13921.460000000001,994.3900000000001,14,60,231,0
620,4116.33,411.633,10,132,1806,1
621,5202.91,578.1011111111111,9,35,865,0
622,8413.69,841.369,10,56,657,0
623,7138.7,549.1307692307693,13,30,403,0
624,3651.42,608.57,6,100,1417,1
625,2549.69,424.9483333333333,6,34,324,0
626,9382.67,852.97,11,38,1185,0
627,8928.18,892.818,10,42,628,0
628,11654.880000000001,971.2400000000001,12,45,348,0
629,11963.59,854.5421428571428,14,81,1132,0
630,12872.31,1287.231,10,67,1378,0
631,8672.6,867.26,10,7,1369,0
632,3873.02,430.3355555555556,9,12,1322,0
633,6907.94,863.4925,8,8,1616,0
634,5851.52,835.9314285714287,7,51,1079,0
635,12494.67,961.1284615384616,13,74,45,0
636,7901.24,987.655,8,50,343,0
637,3966.9199999999996,661.1533333333333,6,172,1809,1
638,6526.04,932.2914285714286,7,47,1641,0
639,5639.12,805.5885714285714,7,46,266,0
640,9779.17,889.0154545454545,11,88,1339,0
641,5620.7,702.5875,8,0,1050,0
642,9218.52,768.21,12,81,828,0
643,4727.39,945.4780000000001,5,101,1077,1
644,8311.5,639.3461538461538,13,2,1097,0
645,7109.49,1015.6414285714285,7,46,343,0
646,8658.04,618.4314285714287,14,83,442,0
647,8600.619999999999,860.0619999999999,10,59,1691,0
648,9031.13,694.7023076923076,13,23,1049,0
649,5318.52,759.7885714285715,7,11,313,0
650,9133.77,830.3427272727273,11,58,1641,0
651,11493.38,766.2253333333333,15,132,1144,1
652,5445.84,680.73,8,57,439,0
653,7191.91,599.3258333333333,12,3,308,0
654,10646.17,760.4407142857143,14,25,558,0
655,3979.17,663.195,6,208,945,1
656,8597.17,859.717,10,12,1414,0
657,11732.83,838.0592857142857,14,58,138,0
658,4914.99,702.1414285714285,7,20,677,0
659,7103.790000000001,710.3790000000001,10,9,1434,0
660,8983.88,748.6566666666666,12,84,536,0
661,6692.48,669.2479999999999,10,195,1077,1
662,5684.81,947.4683333333334,6,85,755,0
663,7190.95,719.095,10,48,1450,0
664,4776.49,682.3557142857143,7,11,509,0
665,9168.45,916.845,10,5,507,0
666,7349.03,734.903,10,36,356,0
667,6169.67,685.5188888888889,9,4,833,0
668,7535.61,1255.935,6,106,238,1
669,4260.79,852.158,5,29,367,0
670,13757.05,1146.4208333333333,12,22,84,0
671,11156.869999999999,743.7913333333332,15,33,393,0
672,8359.92,835.992,10,12,236,0
673,4240.75,471.19444444444446,9,48,843,0
674,5705.35,1141.0700000000002,5,86,825,0
675,7567.93,945.99125,8,56,929,0
676,13218.18,826.13625,16,35,706,0
677,7020.31,638.21,11,128,279,1
678,7893.009999999999,607.1546153846153,13,51,612,0
679,12606.72,787.92,16,67,1476,0
680,7348.610000000001,668.0554545454546,11,109,669,1
681,8533.11,656.3930769230769,13,103,1615,1
682,9480.98,729.3061538461538,13,30,67,0
683,6992.72,699.272,10,30,582,0
684,11876.18,1079.6527272727274,11,14,103,0
685,10013.5,1112.611111111111,9,18,776,0
686,6609.2,734.3555555555555,9,106,490,1
687,6521.66,652.1659999999999,10,70,1728,0
688,3722.2599999999998,372.226,10,17,1728,0
689,4161.48,594.4971428571428,7,116,91,1
690,8246.38,687.1983333333333,12,102,1609,1
691,4079.54,582.7914285714286,7,74,1394,0
692,5598.55,508.95909090909095,11,18,803,0
693,8446.17,767.8336363636364,11,63,1157,0
694,7623.67,635.3058333333333,12,60,232,0
695,1337.96,668.98,2,477,1629,1
696,8512.55,773.8681818181817,11,87,728,0
697,6780.06,678.0060000000001,10,144,1316,1
698,9053.73,646.6949999999999,14,12,1320,0
699,10008.4,834.0333333333333,12,100,1290,1
700,13314.150000000001,887.6100000000001,15,2,1181,0
701,7221.22,601.7683333333333,12,9,516,0
702,9318.64,716.8184615384615,13,79,23,0
703,4722.61,590.32625,8,61,227,0
704,6744.3,749.3666666666667,9,34,1437,0
705,3922.14,490.2675,8,14,1321,0
706,7756.71,596.67,13,85,767,0
707,9222.33,922.233,10,15,1229,0
708,9823.75,893.0681818181819,11,8,1439,0
709,5748.86,522.6236363636364,11,97,1645,1
710,8241.37,749.2154545454546,11,43,1128,0
711,3980.17,663.3616666666667,6,6,136,0
712,5957.4400000000005,661.9377777777778,9,19,1468,0
713,8721.16,792.8327272727273,11,22,925,0
714,11441.8,762.7866666666666,15,36,1415,0
715,8016.83,890.7588888888889,9,20,1459,0
716,12119.189999999999,757.4493749999999,16,18,1149,0
717,6394.139999999999,1278.828,5,31,522,0
718,6388.29,638.829,10,32,1508,0
719,4171.49,695.2483333333333,6,283,246,1
720,10092.58,917.5072727272727,11,69,499,0
721,6149.22,878.46,7,67,57,0
722,3486.0099999999998,498.00142857142856,7,111,1434,1
723,4171.2,695.1999999999999,6,236,1199,1
724,8534.96,948.3288888888887,9,15,1798,0
725,8114.19,624.1684615384615,13,22,172,0
726,10390.3,944.5727272727272,11,9,1690,0
727,8866.57,738.8808333333333,12,22,485,0
728,6596.75,824.59375,8,20,311,0
729,7651.67,956.45875,8,21,267,0
730,10429.7,802.2846153846154,13,103,101,1
731,3990.33,798.066,5,219,453,1
732,3869.73,552.8185714285714,7,192,373,1
733,9286.59,773.8825,12,26,1449,0
734,2011.02,1005.51,2,299,1072,1
735,4290.39,536.29875,8,123,72,1
736,2613.54,522.708,5,14,923,0
737,5834.27,729.28375,8,8,70,0
738,4494.17,561.77125,8,50,1683,0
739,4971.46,828.5766666666667,6,8,1187,0
740,8778.210000000001,798.019090909091,11,108,236,1
741,6191.84,884.5485714285714,7,55,1568,0
742,8061.6900000000005,732.8809090909091,11,21,1461,0
743,8533.98,853.3979999999999,10,92,236,1
744,12282.72,818.848,15,62,1075,0
745,6602.13,507.85615384615386,13,137,949,1
746,4684.03,936.8059999999999,5,53,1276,0
747,9552.87,1061.43,9,233,1258,1
748,10519.08,1168.7866666666666,9,31,1024,0
749,10653.16,760.9399999999999,14,78,829,0
750,6610.82,661.082,10,128,1065,1
751,3981.7799999999997,796.356,5,49,237,0
752,6115.17,555.9245454545454,11,84,427,0
753,9439.34,858.1218181818182,11,13,1345,0
754,7404.96,740.496,10,7,1481,0
755,10817.72,721.1813333333333,15,48,1200,0
756,8262.57,826.257,10,67,1087,0
757,8382.03,762.0027272727274,11,59,75,0
758,4683.01,468.30100000000004,10,20,509,0
759,12756.91,850.4606666666666,15,29,384,0
760,9796.62,1088.5133333333333,9,116,1772,1
761,6392.14,639.214,10,27,1817,0
762,6135.47,1022.5783333333334,6,51,1092,0
763,11438.619999999999,762.5746666666666,15,18,972,0
764,6409.3,1068.2166666666667,6,19,116,0
765,9365.96,668.9971428571428,14,212,930,1
766,5048.3099999999995,504.83099999999996,10,31,1242,0
767,2656.91,442.8183333333333,6,70,26,0
768,9410.9,553.5823529411764,17,4,303,0
769,14851.140000000001,1060.7957142857144,14,75,643,0
770,7896.19,717.8354545454545,11,96,1718,1
771,5719.55,817.0785714285714,7,33,870,0
772,6990.59,699.059,10,9,119,0
773,7159.94,795.5488888888889,9,60,887,0
774,4816.85,602.10625,8,105,1552,1
775,11474.1,1147.41,10,5,584,0
776,12833.33,987.1792307692308,13,40,1260,0
777,6451.860000000001,806.4825000000001,8,79,318,0
778,6132.28,876.04,7,53,1789,0
779,8777.59,797.9627272727273,11,170,1786,1
780,12492.03,832.802,15,53,992,0
781,6310.25,901.4642857142857,7,33,611,0
782,1911.19,382.238,5,170,260,1
783,7397.599999999999,821.9555555555555,9,2,1021,0
784,8795.79,879.5790000000001,10,333,500,1
785,9187.7,918.7700000000001,10,70,589,0
786,10106.32,918.7563636363636,11,40,703,0
787,10572.93,1174.77,9,280,333,1
788,5006.45,1001.29,5,210,1721,1
789,8176.76,1168.1085714285714,7,136,1700,1
790,7109.8,789.9777777777778,9,128,794,1
791,11399.92,814.28,14,0,1479,0
792,12463.12,778.945,16,49,626,0
793,9270.88,772.5733333333333,12,37,395,0
794,5176.83,517.683,10,27,363,0
795,3574.12,510.5885714285714,7,33,1351,0
796,5856.29,836.6128571428571,7,26,476,0
797,5239.91,873.3183333333333,6,72,424,0
798,12235.77,1019.6475,12,19,1131,0
799,10918.08,839.8523076923077,13,354,1696,1
800,13584.86,905.6573333333333,15,0,358,0
801,11334.51,755.634,15,73,156,0
802,8349.78,759.0709090909091,11,20,43,0
803,9717.789999999999,747.5223076923077,13,53,914,0
804,10751.1,827.0076923076923,13,20,195,0
805,7301.07,730.107,10,13,1042,0
806,1934.6699999999998,644.89,3,140,964,1
807,5939.93,742.49125,8,115,900,1
808,4252.32,708.7199999999999,6,43,849,0
809,8693.86,869.3860000000001,10,103,1334,1
810,13340.300000000001,889.3533333333334,15,0,907,0
811,9371.64,937.164,10,65,1699,0
812,12002.86,706.0505882352942,17,38,150,0
813,3120.84,624.168,5,11,1074,0
814,5002.77,625.34625,8,14,965,0
815,5592.89,798.9842857142858,7,22,655,0
816,4312.33,539.04125,8,43,807,0
817,7215.95,901.99375,8,85,606,0
818,8774.53,797.6845454545455,11,63,1223,0
819,8209.6,684.1333333333333,12,51,1796,0
820,4997.24,713.8914285714285,7,3,1525,0
821,5149.88,1287.47,4,43,1645,0
822,3278.14,546.3566666666667,6,35,1221,0
823,4608.79,658.3985714285715,7,100,850,1
824,11305.11,1027.7372727272727,11,85,289,0
825,8792.2,676.323076923077,13,38,1394,0
826,8335.68,595.4057142857143,14,18,1145,0
827,8359.2,643.0153846153846,13,28,669,0
828,10170.039999999999,726.4314285714285,14,63,1766,0
829,1074.24,358.08,3,155,675,1
830,4399.36,628.4799999999999,7,102,1211,1
831,4353.01,621.8585714285715,7,107,1671,1
832,9262.72,926.2719999999999,10,31,401,0
833,8555.24,712.9366666666666,12,0,188,0
834,8896.28,684.3292307692308,13,8,832,0
835,3807.21,543.8871428571429,7,23,897,0
836,6625.74,828.2175,8,100,472,1
837,11057.52,1228.6133333333335,9,13,1242,0
838,9498.17,730.6284615384616,13,78,366,0
839,7326.74,488.4493333333333,15,3,905,0
840,9270.26,713.0969230769231,13,70,1331,0
841,11352.05,1261.3388888888887,9,195,1033,1
842,8860.43,886.043,10,5,1224,0
843,7866.5,983.3125,8,85,36,0
844,4399.03,733.1716666666666,6,164,1075,1
845,8018.7,890.9666666666667,9,100,398,1
846,8747.58,728.965,12,1,972,0
847,15425.96,1028.3973333333333,15,43,401,0
848,13148.2,1095.6833333333334,12,7,110,0
849,14716.48,817.5822222222222,18,10,703,0
850,9190.27,919.027,10,105,905,1
851,6893.860000000001,492.41857142857145,14,6,298,0
852,6723.72,672.3720000000001,10,60,1377,0
853,6795.17,617.7427272727273,11,23,813,0
854,5687.66,812.5228571428571,7,7,1496,0
855,10549.13,703.2753333333333,15,127,517,1
856,11018.94,734.596,15,65,424,0
857,6608.74,660.874,10,64,1663,0
858,9208.55,837.1409090909091,11,7,1620,0
859,10313.769999999999,793.366923076923,13,50,456,0
860,5855.44,731.93,8,28,1451,0
861,4463.38,743.8966666666666,6,55,750,0
862,5596.54,559.654,10,8,1741,0
863,6857.45,623.4045454545454,11,4,754,0
864,6158.160000000001,684.2400000000001,9,124,246,1
865,3860.77,428.97444444444443,9,51,89,0
866,6044.889999999999,549.5354545454545,11,2,1300,0
867,3077.19,512.865,6,217,1350,1
868,8024.0599999999995,802.406,10,16,835,0
869,3637.2000000000003,727.44,5,214,765,1
870,12276.04,1116.0036363636364,11,13,1095,0
871,7178.95,797.661111111111,9,17,91,0
872,11407.87,1037.079090909091,11,136,203,1
873,3745.7,749.14,5,24,971,0
874,7511.7,834.6333333333333,9,29,1402,0
875,7880.05,562.8607142857143,14,39,290,0
876,8674.42,867.442,10,26,847,0
877,5236.85,654.60625,8,197,263,1
878,5284.41,660.55125,8,37,1085,0
879,4480.12,746.6866666666666,6,20,308,0
880,6699.19,837.39875,8,159,1464,1
881,5201.59,577.9544444444444,9,42,1368,0
882,7931.74,793.174,10,28,53,0
883,8099.969999999999,1012.4962499999999,8,246,1044,1
884,8120.24,902.2488888888888,9,122,588,1
885,5331.86,484.71454545454543,11,63,567,0
886,7841.16,784.116,10,70,866,0
887,7618.84,448.16705882352943,17,45,173,0
888,4302.82,614.6885714285714,7,33,1736,0
889,6922.73,692.2729999999999,10,3,1506,0
890,6438.72,804.84,8,3,870,0
891,5922.5599999999995,538.4145454545454,11,8,931,0
892,2963.85,493.97499999999997,6,305,1116,1
893,11531.22,720.70125,16,177,564,1
894,3931.77,561.6814285714286,7,29,1110,0
895,14222.44,1292.949090909091,11,87,327,0
896,9873.02,987.302,10,61,629,0
897,14524.69,968.3126666666667,15,15,465,0
898,3083.45,440.49285714285713,7,9,840,0
899,4898.41,612.30125,8,62,415,0
900,10052.18,718.0128571428571,14,42,1400,0
901,6343.23,792.90375,8,356,1,1
902,2715.58,387.94,7,38,1066,0
903,1707.04,341.408,5,186,1216,1
904,8691.21,965.6899999999999,9,38,1655,0
905,8353.09,835.309,10,64,315,0
906,13450.3,960.7357142857143,14,2,1087,0
907,10056.24,838.02,12,63,488,0
908,8568.630000000001,778.9663636363638,11,7,354,0
909,8599.21,859.9209999999999,10,55,959,0
910,10860.42,905.035,12,18,194,0
911,7058.789999999999,784.31,9,275,1116,1
912,9283.42,663.1014285714285,14,5,1611,0
913,4856.030000000001,693.7185714285715,7,107,251,1
914,8095.47,622.7284615384616,13,49,1601,0
915,10412.23,800.9407692307692,13,31,628,0
916,1565.14,521.7133333333334,3,274,310,1
917,10165.93,847.1608333333334,12,25,27,0
918,7366.32,736.632,10,186,565,1
919,3791.5699999999997,947.8924999999999,4,274,972,1
920,2014.6100000000001,402.922,5,189,511,1
921,8697.91,790.7190909090909,11,40,427,0
922,8574.45,779.4954545454547,11,152,458,1
923,4136.08,413.608,10,0,304,0
924,7687.89,640.6575,12,14,944,0
925,9719.3,809.9416666666666,12,13,1687,0
926,5591.2,621.2444444444444,9,90,1251,0
927,6946.62,868.3275,8,77,246,0
928,10575.15,961.3772727272727,11,6,168,0
929,11833.220000000001,1075.7472727272727,11,49,823,0
930,6177.5,617.75,10,17,1490,0
931,13434.9,839.68125,16,64,1623,0
932,7919.4400000000005,989.9300000000001,8,102,760,1
933,14241.82,890.11375,16,31,132,0
934,5832.96,530.2690909090909,11,12,709,0
935,13641.970000000001,852.6231250000001,16,48,1446,0
936,4924.360000000001,703.4800000000001,7,5,333,0
937,6476.49,588.7718181818182,11,32,232,0
938,865.2099999999999,173.04199999999997,5,95,1497,1
939,9825.13,818.7608333333333,12,17,1213,0
940,6827.13,853.39125,8,7,642,0
941,3565.94,891.485,4,240,953,1
942,11022.86,918.5716666666667,12,73,352,0
943,3825.04,765.008,5,269,1603,1
944,11356.7,757.1133333333333,15,80,733,0
945,5172.4,862.0666666666666,6,370,863,1
946,12730.57,909.3264285714286,14,100,891,1
947,5122.25,512.225,10,15,1680,0
948,10431.83,802.4484615384615,13,40,1685,0
949,6960.69,435.043125,16,77,1093,0
950,9135.25,1015.0277777777778,9,20,84,0
951,5602.29,700.28625,8,14,544,0
952,6428.99,803.62375,8,45,1307,0
953,12877.22,1073.1016666666667,12,134,1770,1
954,9526.09,1058.4544444444446,9,109,94,1
955,5669.41,515.4009090909091,11,9,1202,0
956,10058.58,773.7369230769231,13,128,1551,1
957,6501.97,591.0881818181819,11,19,784,0
958,5838.43,648.7144444444444,9,134,5,1
959,8669.71,866.9709999999999,10,104,489,1
960,9477.65,789.8041666666667,12,54,1606,0
961,11441.28,1040.1163636363638,11,55,994,0
962,4695.360000000001,939.0720000000001,5,96,595,1
963,6772.57,967.51,7,262,1357,1
964,15780.05,1052.0033333333333,15,32,1705,0
965,6717.57,746.3966666666666,9,64,1319,0
966,7327.38,610.615,12,48,1175,0
967,1479.1,246.51666666666665,6,46,454,0
968,5172.21,646.52625,8,12,301,0
969,4479.8099999999995,639.972857142857,7,72,143,0
970,8732.83,793.8936363636363,11,57,211,0
971,7261.0,806.7777777777778,9,27,1197,0
972,3969.4700000000003,441.05222222222227,9,3,1446,0
973,8513.83,654.91,13,100,1787,1
974,5899.92,737.49,8,59,948,0
975,4323.88,540.485,8,32,1678,0
976,13650.99,718.4731578947368,19,66,1792,0
977,7808.86,780.886,10,77,1726,0
978,15450.92,735.7580952380953,21,49,168,0
979,8358.1,642.9307692307692,13,4,473,0
980,5184.15,648.01875,8,126,729,1
981,12831.44,1166.4945454545455,11,57,277,0
982,3853.6400000000003,550.5200000000001,7,41,1576,0
983,5319.41,591.0455555555556,9,330,1065,1
984,15151.99,1165.5376923076924,13,31,1335,0
985,12595.41,839.694,15,1,771,0
986,8980.599999999999,997.8444444444443,9,173,939,1
987,6534.06,816.7575,8,245,565,1
988,2994.1299999999997,748.5324999999999,4,520,1014,1
989,10033.53,912.139090909091,11,41,1483,0
990,3394.81,678.962,5,25,1402,0
991,12616.92,901.2085714285714,14,42,1668,0
992,5751.2699999999995,718.9087499999999,8,11,76,0
993,16425.57,1095.038,15,6,1095,0
994,5794.72,579.472,10,67,1537,0
995,6234.99,519.5825,12,45,126,0
996,6428.6900000000005,918.3842857142857,7,88,1010,0
997,7376.53,819.6144444444444,9,31,1551,0
998,6589.7,658.97,10,36,561,0
999,6302.68,900.3828571428572,7,80,1714,0
1000,10385.53,944.139090909091,11,52,40,0
